--
-- PostgreSQL database dump
--

-- Dumped from database version 14.13 (Ubuntu 14.13-0ubuntu0.22.04.1)
-- Dumped by pg_dump version 14.13 (Ubuntu 14.13-0ubuntu0.22.04.1)

SET statement_timeout = 0;
SET lock_timeout = 0;
SET idle_in_transaction_session_timeout = 0;
SET client_encoding = 'UTF8';
SET standard_conforming_strings = on;
SELECT pg_catalog.set_config('search_path', '', false);
SET check_function_bodies = false;
SET xmloption = content;
SET client_min_messages = warning;
SET row_security = off;

SET default_tablespace = '';

SET default_table_access_method = heap;

--
-- Name: assignment; Type: TABLE; Schema: public; Owner: ilyas
--

CREATE TABLE public.assignment (
    id_assignment bigint NOT NULL,
    description oid,
    title character varying(255),
    testing_id bigint,
    assignment_result_id bigint
);


ALTER TABLE public.assignment OWNER TO ilyas;

--
-- Name: assignment_detail_criteria; Type: TABLE; Schema: public; Owner: ilyas
--

CREATE TABLE public.assignment_detail_criteria (
    id_ad_criteria bigint NOT NULL,
    ad_criteria_description oid,
    required_explained_points integer,
    assignment_id bigint,
    teacher_id bigint
);


ALTER TABLE public.assignment_detail_criteria OWNER TO ilyas;

--
-- Name: assignment_detail_criteria_id_ad_criteria_seq; Type: SEQUENCE; Schema: public; Owner: ilyas
--

ALTER TABLE public.assignment_detail_criteria ALTER COLUMN id_ad_criteria ADD GENERATED BY DEFAULT AS IDENTITY (
    SEQUENCE NAME public.assignment_detail_criteria_id_ad_criteria_seq
    START WITH 1
    INCREMENT BY 1
    NO MINVALUE
    NO MAXVALUE
    CACHE 1
);


--
-- Name: assignment_id_assignment_seq; Type: SEQUENCE; Schema: public; Owner: ilyas
--

ALTER TABLE public.assignment ALTER COLUMN id_assignment ADD GENERATED BY DEFAULT AS IDENTITY (
    SEQUENCE NAME public.assignment_id_assignment_seq
    START WITH 1
    INCREMENT BY 1
    NO MINVALUE
    NO MAXVALUE
    CACHE 1
);


--
-- Name: assignment_result; Type: TABLE; Schema: public; Owner: ilyas
--

CREATE TABLE public.assignment_result (
    id_assignment_result bigint NOT NULL,
    create_at timestamp(6) without time zone,
    feedback oid,
    score real,
    criteria_id bigint,
    student_answer_id bigint,
    mark double precision,
    assignment_id bigint,
    testing_result_id bigint
);


ALTER TABLE public.assignment_result OWNER TO ilyas;

--
-- Name: assignment_result_id_assignment_result_seq; Type: SEQUENCE; Schema: public; Owner: ilyas
--

ALTER TABLE public.assignment_result ALTER COLUMN id_assignment_result ADD GENERATED BY DEFAULT AS IDENTITY (
    SEQUENCE NAME public.assignment_result_id_assignment_result_seq
    START WITH 1
    INCREMENT BY 1
    NO MINVALUE
    NO MAXVALUE
    CACHE 1
);


--
-- Name: class; Type: TABLE; Schema: public; Owner: ilyas
--

CREATE TABLE public.class (
    id_class bigint NOT NULL,
    class_name character varying(255),
    access_code character varying(255),
    create_at timestamp(6) without time zone,
    teacher_id bigint
);


ALTER TABLE public.class OWNER TO ilyas;

--
-- Name: class_id_class_seq; Type: SEQUENCE; Schema: public; Owner: ilyas
--

ALTER TABLE public.class ALTER COLUMN id_class ADD GENERATED BY DEFAULT AS IDENTITY (
    SEQUENCE NAME public.class_id_class_seq
    START WITH 1
    INCREMENT BY 1
    NO MINVALUE
    NO MAXVALUE
    CACHE 1
);


--
-- Name: class_process; Type: TABLE; Schema: public; Owner: ilyas
--

CREATE TABLE public.class_process (
    id_class_progress bigint NOT NULL,
    progress_summary oid,
    total_score double precision,
    update_at timestamp(6) without time zone,
    assignment_id bigint,
    class_id bigint,
    student_id bigint,
    teacher_id bigint
);


ALTER TABLE public.class_process OWNER TO ilyas;

--
-- Name: class_process_id_class_progress_seq; Type: SEQUENCE; Schema: public; Owner: ilyas
--

ALTER TABLE public.class_process ALTER COLUMN id_class_progress ADD GENERATED BY DEFAULT AS IDENTITY (
    SEQUENCE NAME public.class_process_id_class_progress_seq
    START WITH 1
    INCREMENT BY 1
    NO MINVALUE
    NO MAXVALUE
    CACHE 1
);


--
-- Name: class_statistics; Type: TABLE; Schema: public; Owner: ilyas
--

CREATE TABLE public.class_statistics (
    id_class_statistics bigint NOT NULL,
    average_score real,
    last_update timestamp(6) without time zone,
    total_assignments integer,
    total_students integer,
    class_id bigint
);


ALTER TABLE public.class_statistics OWNER TO ilyas;

--
-- Name: class_statistics_id_class_statistics_seq; Type: SEQUENCE; Schema: public; Owner: ilyas
--

ALTER TABLE public.class_statistics ALTER COLUMN id_class_statistics ADD GENERATED BY DEFAULT AS IDENTITY (
    SEQUENCE NAME public.class_statistics_id_class_statistics_seq
    START WITH 1
    INCREMENT BY 1
    NO MINVALUE
    NO MAXVALUE
    CACHE 1
);


--
-- Name: classroom; Type: TABLE; Schema: public; Owner: ilyas
--

CREATE TABLE public.classroom (
    id_classroom bigint NOT NULL,
    access_code character varying(255),
    create_at timestamp(6) without time zone,
    id_user_teacher bigint
);


ALTER TABLE public.classroom OWNER TO ilyas;

--
-- Name: classroom_id_classroom_seq; Type: SEQUENCE; Schema: public; Owner: ilyas
--

ALTER TABLE public.classroom ALTER COLUMN id_classroom ADD GENERATED BY DEFAULT AS IDENTITY (
    SEQUENCE NAME public.classroom_id_classroom_seq
    START WITH 1
    INCREMENT BY 1
    NO MINVALUE
    NO MAXVALUE
    CACHE 1
);


--
-- Name: criteria; Type: TABLE; Schema: public; Owner: ilyas
--

CREATE TABLE public.criteria (
    id_criteria bigint NOT NULL,
    description oid,
    weight_criteria double precision,
    assignment_id bigint
);


ALTER TABLE public.criteria OWNER TO ilyas;

--
-- Name: criteria_id_criteria_seq; Type: SEQUENCE; Schema: public; Owner: ilyas
--

ALTER TABLE public.criteria ALTER COLUMN id_criteria ADD GENERATED BY DEFAULT AS IDENTITY (
    SEQUENCE NAME public.criteria_id_criteria_seq
    START WITH 1
    INCREMENT BY 1
    NO MINVALUE
    NO MAXVALUE
    CACHE 1
);


--
-- Name: neural_analysis; Type: TABLE; Schema: public; Owner: ilyas
--

CREATE TABLE public.neural_analysis (
    id_neural_analysis bigint NOT NULL,
    analyzed timestamp(6) without time zone,
    correctness boolean,
    feedback oid,
    key_phrases oid,
    semantic_score double precision,
    syntax_score double precision,
    student_answer_id bigint
);


ALTER TABLE public.neural_analysis OWNER TO ilyas;

--
-- Name: neural_analysis_id_neural_analysis_seq; Type: SEQUENCE; Schema: public; Owner: ilyas
--

ALTER TABLE public.neural_analysis ALTER COLUMN id_neural_analysis ADD GENERATED BY DEFAULT AS IDENTITY (
    SEQUENCE NAME public.neural_analysis_id_neural_analysis_seq
    START WITH 1
    INCREMENT BY 1
    NO MINVALUE
    NO MAXVALUE
    CACHE 1
);


--
-- Name: organization; Type: TABLE; Schema: public; Owner: ilyas
--

CREATE TABLE public.organization (
    id_organization bigint NOT NULL,
    name_of_organization character varying(255)
);


ALTER TABLE public.organization OWNER TO ilyas;

--
-- Name: organization_id_organization_seq; Type: SEQUENCE; Schema: public; Owner: ilyas
--

ALTER TABLE public.organization ALTER COLUMN id_organization ADD GENERATED BY DEFAULT AS IDENTITY (
    SEQUENCE NAME public.organization_id_organization_seq
    START WITH 1
    INCREMENT BY 1
    NO MINVALUE
    NO MAXVALUE
    CACHE 1
);


--
-- Name: student_answer; Type: TABLE; Schema: public; Owner: ilyas
--

CREATE TABLE public.student_answer (
    id_student_answer bigint NOT NULL,
    analyzed boolean,
    answer oid,
    submitted_at timestamp(6) without time zone,
    assignment_id bigint,
    student_id bigint,
    late_submission boolean
);


ALTER TABLE public.student_answer OWNER TO ilyas;

--
-- Name: student_answer_id_student_answer_seq; Type: SEQUENCE; Schema: public; Owner: ilyas
--

ALTER TABLE public.student_answer ALTER COLUMN id_student_answer ADD GENERATED BY DEFAULT AS IDENTITY (
    SEQUENCE NAME public.student_answer_id_student_answer_seq
    START WITH 1
    INCREMENT BY 1
    NO MINVALUE
    NO MAXVALUE
    CACHE 1
);


--
-- Name: student_statistics; Type: TABLE; Schema: public; Owner: ilyas
--

CREATE TABLE public.student_statistics (
    id_student_statistics bigint NOT NULL,
    average_score real,
    last_update timestamp(6) without time zone,
    total_assignments integer,
    total_class_id bigint,
    student_id bigint
);


ALTER TABLE public.student_statistics OWNER TO ilyas;

--
-- Name: student_statistics_id_student_statistics_seq; Type: SEQUENCE; Schema: public; Owner: ilyas
--

ALTER TABLE public.student_statistics ALTER COLUMN id_student_statistics ADD GENERATED BY DEFAULT AS IDENTITY (
    SEQUENCE NAME public.student_statistics_id_student_statistics_seq
    START WITH 1
    INCREMENT BY 1
    NO MINVALUE
    NO MAXVALUE
    CACHE 1
);


--
-- Name: testing; Type: TABLE; Schema: public; Owner: ilyas
--

CREATE TABLE public.testing (
    id_testing bigint NOT NULL,
    create_at timestamp(6) without time zone,
    due_data timestamp(6) without time zone,
    subject character varying(255),
    title character varying(255),
    testing_id bigint,
    teacher_id bigint,
    late_submission boolean,
    class_id bigint
);


ALTER TABLE public.testing OWNER TO ilyas;

--
-- Name: testing_id_testing_seq; Type: SEQUENCE; Schema: public; Owner: ilyas
--

ALTER TABLE public.testing ALTER COLUMN id_testing ADD GENERATED BY DEFAULT AS IDENTITY (
    SEQUENCE NAME public.testing_id_testing_seq
    START WITH 1
    INCREMENT BY 1
    NO MINVALUE
    NO MAXVALUE
    CACHE 1
);


--
-- Name: testing_result; Type: TABLE; Schema: public; Owner: ilyas
--

CREATE TABLE public.testing_result (
    id_testing_result bigint NOT NULL,
    analyze_at timestamp(6) without time zone,
    overall_mark double precision,
    poorly_studied_topics character varying(255)[],
    strengths character varying(255)[],
    studied_topics character varying(255)[],
    weaknesses character varying(255)[],
    student_id bigint,
    teacher_id bigint
);


ALTER TABLE public.testing_result OWNER TO ilyas;

--
-- Name: testing_result_id_testing_result_seq; Type: SEQUENCE; Schema: public; Owner: ilyas
--

ALTER TABLE public.testing_result ALTER COLUMN id_testing_result ADD GENERATED BY DEFAULT AS IDENTITY (
    SEQUENCE NAME public.testing_result_id_testing_result_seq
    START WITH 1
    INCREMENT BY 1
    NO MINVALUE
    NO MAXVALUE
    CACHE 1
);


--
-- Name: user_auth; Type: TABLE; Schema: public; Owner: ilyas
--

CREATE TABLE public.user_auth (
    id_user_auth bigint NOT NULL,
    password character varying(255),
    unique_username character varying(255)
);


ALTER TABLE public.user_auth OWNER TO ilyas;

--
-- Name: user_auth_id_user_auth_seq; Type: SEQUENCE; Schema: public; Owner: ilyas
--

ALTER TABLE public.user_auth ALTER COLUMN id_user_auth ADD GENERATED BY DEFAULT AS IDENTITY (
    SEQUENCE NAME public.user_auth_id_user_auth_seq
    START WITH 1
    INCREMENT BY 1
    NO MINVALUE
    NO MAXVALUE
    CACHE 1
);


--
-- Name: user_roles; Type: TABLE; Schema: public; Owner: ilyas
--

CREATE TABLE public.user_roles (
    user_id bigint NOT NULL,
    role character varying(255)
);


ALTER TABLE public.user_roles OWNER TO ilyas;

--
-- Name: user_student; Type: TABLE; Schema: public; Owner: ilyas
--

CREATE TABLE public.user_student (
    id_user bigint NOT NULL,
    email character varying(255),
    is_teacher boolean,
    name_of_user character varying(255),
    surname_of_user character varying(255),
    access_code character varying(255),
    create_at timestamp(6) without time zone,
    organization bigint,
    id_user_auth bigint,
    class_entity_id_class bigint,
    id_class_room bigint
);


ALTER TABLE public.user_student OWNER TO ilyas;

--
-- Name: user_student_id_user_seq; Type: SEQUENCE; Schema: public; Owner: ilyas
--

ALTER TABLE public.user_student ALTER COLUMN id_user ADD GENERATED BY DEFAULT AS IDENTITY (
    SEQUENCE NAME public.user_student_id_user_seq
    START WITH 1
    INCREMENT BY 1
    NO MINVALUE
    NO MAXVALUE
    CACHE 1
);


--
-- Name: user_teacher; Type: TABLE; Schema: public; Owner: ilyas
--

CREATE TABLE public.user_teacher (
    id_user bigint NOT NULL,
    email character varying(255),
    is_teacher boolean,
    name_of_user character varying(255),
    surname_of_user character varying(255),
    organization bigint,
    id_user_auth bigint
);


ALTER TABLE public.user_teacher OWNER TO ilyas;

--
-- Name: user_teacher_id_user_seq; Type: SEQUENCE; Schema: public; Owner: ilyas
--

ALTER TABLE public.user_teacher ALTER COLUMN id_user ADD GENERATED BY DEFAULT AS IDENTITY (
    SEQUENCE NAME public.user_teacher_id_user_seq
    START WITH 1
    INCREMENT BY 1
    NO MINVALUE
    NO MAXVALUE
    CACHE 1
);


--
-- Name: 435242; Type: BLOB; Schema: -; Owner: ilyas
--

SELECT pg_catalog.lo_create('435242');


ALTER LARGE OBJECT 435242 OWNER TO ilyas;

--
-- Name: 435243; Type: BLOB; Schema: -; Owner: ilyas
--

SELECT pg_catalog.lo_create('435243');


ALTER LARGE OBJECT 435243 OWNER TO ilyas;

--
-- Name: 435246; Type: BLOB; Schema: -; Owner: ilyas
--

SELECT pg_catalog.lo_create('435246');


ALTER LARGE OBJECT 435246 OWNER TO ilyas;

--
-- Name: 435247; Type: BLOB; Schema: -; Owner: ilyas
--

SELECT pg_catalog.lo_create('435247');


ALTER LARGE OBJECT 435247 OWNER TO ilyas;

--
-- Name: 435248; Type: BLOB; Schema: -; Owner: ilyas
--

SELECT pg_catalog.lo_create('435248');


ALTER LARGE OBJECT 435248 OWNER TO ilyas;

--
-- Name: 435249; Type: BLOB; Schema: -; Owner: ilyas
--

SELECT pg_catalog.lo_create('435249');


ALTER LARGE OBJECT 435249 OWNER TO ilyas;

--
-- Name: 442937; Type: BLOB; Schema: -; Owner: ilyas
--

SELECT pg_catalog.lo_create('442937');


ALTER LARGE OBJECT 442937 OWNER TO ilyas;

--
-- Name: 442938; Type: BLOB; Schema: -; Owner: ilyas
--

SELECT pg_catalog.lo_create('442938');


ALTER LARGE OBJECT 442938 OWNER TO ilyas;

--
-- Name: 451085; Type: BLOB; Schema: -; Owner: ilyas
--

SELECT pg_catalog.lo_create('451085');


ALTER LARGE OBJECT 451085 OWNER TO ilyas;

--
-- Name: 451086; Type: BLOB; Schema: -; Owner: ilyas
--

SELECT pg_catalog.lo_create('451086');


ALTER LARGE OBJECT 451086 OWNER TO ilyas;

--
-- Name: 451087; Type: BLOB; Schema: -; Owner: ilyas
--

SELECT pg_catalog.lo_create('451087');


ALTER LARGE OBJECT 451087 OWNER TO ilyas;

--
-- Name: 451088; Type: BLOB; Schema: -; Owner: ilyas
--

SELECT pg_catalog.lo_create('451088');


ALTER LARGE OBJECT 451088 OWNER TO ilyas;

--
-- Name: 459277; Type: BLOB; Schema: -; Owner: ilyas
--

SELECT pg_catalog.lo_create('459277');


ALTER LARGE OBJECT 459277 OWNER TO ilyas;

--
-- Data for Name: assignment; Type: TABLE DATA; Schema: public; Owner: ilyas
--

COPY public.assignment (id_assignment, description, title, testing_id, assignment_result_id) FROM stdin;
1	435242	Solve equations	1	\N
2	435243	Solve equations	1	\N
5	442937	Solve equations	3	\N
6	442938	Solve equations	3	\N
7	451085	Solve equations	4	\N
8	451086	Solve equations	4	\N
\.


--
-- Data for Name: assignment_detail_criteria; Type: TABLE DATA; Schema: public; Owner: ilyas
--

COPY public.assignment_detail_criteria (id_ad_criteria, ad_criteria_description, required_explained_points, assignment_id, teacher_id) FROM stdin;
\.


--
-- Data for Name: assignment_result; Type: TABLE DATA; Schema: public; Owner: ilyas
--

COPY public.assignment_result (id_assignment_result, create_at, feedback, score, criteria_id, student_answer_id, mark, assignment_id, testing_result_id) FROM stdin;
\.


--
-- Data for Name: class; Type: TABLE DATA; Schema: public; Owner: ilyas
--

COPY public.class (id_class, class_name, access_code, create_at, teacher_id) FROM stdin;
1	Math 101	7RGQK9	2024-10-23 16:02:49.513956	1
\.


--
-- Data for Name: class_process; Type: TABLE DATA; Schema: public; Owner: ilyas
--

COPY public.class_process (id_class_progress, progress_summary, total_score, update_at, assignment_id, class_id, student_id, teacher_id) FROM stdin;
\.


--
-- Data for Name: class_statistics; Type: TABLE DATA; Schema: public; Owner: ilyas
--

COPY public.class_statistics (id_class_statistics, average_score, last_update, total_assignments, total_students, class_id) FROM stdin;
\.


--
-- Data for Name: classroom; Type: TABLE DATA; Schema: public; Owner: ilyas
--

COPY public.classroom (id_classroom, access_code, create_at, id_user_teacher) FROM stdin;
\.


--
-- Data for Name: criteria; Type: TABLE DATA; Schema: public; Owner: ilyas
--

COPY public.criteria (id_criteria, description, weight_criteria, assignment_id) FROM stdin;
\.


--
-- Data for Name: neural_analysis; Type: TABLE DATA; Schema: public; Owner: ilyas
--

COPY public.neural_analysis (id_neural_analysis, analyzed, correctness, feedback, key_phrases, semantic_score, syntax_score, student_answer_id) FROM stdin;
\.


--
-- Data for Name: organization; Type: TABLE DATA; Schema: public; Owner: ilyas
--

COPY public.organization (id_organization, name_of_organization) FROM stdin;
\.


--
-- Data for Name: student_answer; Type: TABLE DATA; Schema: public; Owner: ilyas
--

COPY public.student_answer (id_student_answer, analyzed, answer, submitted_at, assignment_id, student_id, late_submission) FROM stdin;
1	f	435246	\N	1	1	\N
2	f	435247	2024-10-24 00:38:02.715922	1	1	\N
3	f	435248	2024-10-24 00:49:27.032805	1	1	\N
4	f	435249	2024-10-24 00:49:43.66086	1	1	\N
5	f	451087	2024-10-25 00:50:02.380966	7	1	f
6	f	451088	2024-10-25 00:51:17.302578	8	1	f
7	f	459277	2024-10-25 13:41:19.920578	8	1	f
\.


--
-- Data for Name: student_statistics; Type: TABLE DATA; Schema: public; Owner: ilyas
--

COPY public.student_statistics (id_student_statistics, average_score, last_update, total_assignments, total_class_id, student_id) FROM stdin;
\.


--
-- Data for Name: testing; Type: TABLE DATA; Schema: public; Owner: ilyas
--

COPY public.testing (id_testing, create_at, due_data, subject, title, testing_id, teacher_id, late_submission, class_id) FROM stdin;
1	2024-10-22 14:30:00	2024-12-01 10:00:00	Mathematics	Final Exam	1	1	\N	\N
3	2024-10-22 14:30:00	2024-12-01 10:00:00	Mathematics	Final Exam	\N	1	\N	1
4	2024-10-22 14:30:00	2024-12-01 10:00:00	Mathematics	Final Exam	\N	1	t	1
\.


--
-- Data for Name: testing_result; Type: TABLE DATA; Schema: public; Owner: ilyas
--

COPY public.testing_result (id_testing_result, analyze_at, overall_mark, poorly_studied_topics, strengths, studied_topics, weaknesses, student_id, teacher_id) FROM stdin;
\.


--
-- Data for Name: user_auth; Type: TABLE DATA; Schema: public; Owner: ilyas
--

COPY public.user_auth (id_user_auth, password, unique_username) FROM stdin;
1	$2a$10$.gvqD/ganbEIMTE.zd41o.wQYmrBPBSuVDiPCtIO1kya44TWQtx5S	john.doe@example.com
2	$2a$10$vGBftJ.UM02xG0R3d8Y/h.B/I44VBkxqa/38RPLgqIzGQT/YHk1Ly	john.dick@example.com
3	$2a$10$1vZd8TAt/8bcPWaxkiT55uTV1YcpXQcdbcdXdIR3Cwc5jP.2ZCwLC	john.doe1@example.com
\.


--
-- Data for Name: user_roles; Type: TABLE DATA; Schema: public; Owner: ilyas
--

COPY public.user_roles (user_id, role) FROM stdin;
1	ROLE_TEACHER
2	ROLE_STUDENT
3	ROLE_TEACHER
\.


--
-- Data for Name: user_student; Type: TABLE DATA; Schema: public; Owner: ilyas
--

COPY public.user_student (id_user, email, is_teacher, name_of_user, surname_of_user, access_code, create_at, organization, id_user_auth, class_entity_id_class, id_class_room) FROM stdin;
1	john.dick@example.com	\N	John	Doe	\N	\N	\N	2	1	\N
\.


--
-- Data for Name: user_teacher; Type: TABLE DATA; Schema: public; Owner: ilyas
--

COPY public.user_teacher (id_user, email, is_teacher, name_of_user, surname_of_user, organization, id_user_auth) FROM stdin;
1	john.doe@example.com	\N	John	Doe	\N	1
2	john.doe1@example.com	\N	John	Doe	\N	3
\.


--
-- Name: assignment_detail_criteria_id_ad_criteria_seq; Type: SEQUENCE SET; Schema: public; Owner: ilyas
--

SELECT pg_catalog.setval('public.assignment_detail_criteria_id_ad_criteria_seq', 1, false);


--
-- Name: assignment_id_assignment_seq; Type: SEQUENCE SET; Schema: public; Owner: ilyas
--

SELECT pg_catalog.setval('public.assignment_id_assignment_seq', 8, true);


--
-- Name: assignment_result_id_assignment_result_seq; Type: SEQUENCE SET; Schema: public; Owner: ilyas
--

SELECT pg_catalog.setval('public.assignment_result_id_assignment_result_seq', 1, false);


--
-- Name: class_id_class_seq; Type: SEQUENCE SET; Schema: public; Owner: ilyas
--

SELECT pg_catalog.setval('public.class_id_class_seq', 1, true);


--
-- Name: class_process_id_class_progress_seq; Type: SEQUENCE SET; Schema: public; Owner: ilyas
--

SELECT pg_catalog.setval('public.class_process_id_class_progress_seq', 1, false);


--
-- Name: class_statistics_id_class_statistics_seq; Type: SEQUENCE SET; Schema: public; Owner: ilyas
--

SELECT pg_catalog.setval('public.class_statistics_id_class_statistics_seq', 1, false);


--
-- Name: classroom_id_classroom_seq; Type: SEQUENCE SET; Schema: public; Owner: ilyas
--

SELECT pg_catalog.setval('public.classroom_id_classroom_seq', 1, false);


--
-- Name: criteria_id_criteria_seq; Type: SEQUENCE SET; Schema: public; Owner: ilyas
--

SELECT pg_catalog.setval('public.criteria_id_criteria_seq', 1, false);


--
-- Name: neural_analysis_id_neural_analysis_seq; Type: SEQUENCE SET; Schema: public; Owner: ilyas
--

SELECT pg_catalog.setval('public.neural_analysis_id_neural_analysis_seq', 1, false);


--
-- Name: organization_id_organization_seq; Type: SEQUENCE SET; Schema: public; Owner: ilyas
--

SELECT pg_catalog.setval('public.organization_id_organization_seq', 1, false);


--
-- Name: student_answer_id_student_answer_seq; Type: SEQUENCE SET; Schema: public; Owner: ilyas
--

SELECT pg_catalog.setval('public.student_answer_id_student_answer_seq', 7, true);


--
-- Name: student_statistics_id_student_statistics_seq; Type: SEQUENCE SET; Schema: public; Owner: ilyas
--

SELECT pg_catalog.setval('public.student_statistics_id_student_statistics_seq', 1, false);


--
-- Name: testing_id_testing_seq; Type: SEQUENCE SET; Schema: public; Owner: ilyas
--

SELECT pg_catalog.setval('public.testing_id_testing_seq', 4, true);


--
-- Name: testing_result_id_testing_result_seq; Type: SEQUENCE SET; Schema: public; Owner: ilyas
--

SELECT pg_catalog.setval('public.testing_result_id_testing_result_seq', 1, false);


--
-- Name: user_auth_id_user_auth_seq; Type: SEQUENCE SET; Schema: public; Owner: ilyas
--

SELECT pg_catalog.setval('public.user_auth_id_user_auth_seq', 3, true);


--
-- Name: user_student_id_user_seq; Type: SEQUENCE SET; Schema: public; Owner: ilyas
--

SELECT pg_catalog.setval('public.user_student_id_user_seq', 1, true);


--
-- Name: user_teacher_id_user_seq; Type: SEQUENCE SET; Schema: public; Owner: ilyas
--

SELECT pg_catalog.setval('public.user_teacher_id_user_seq', 2, true);


--
-- Data for Name: BLOBS; Type: BLOBS; Schema: -; Owner: -
--

BEGIN;

SELECT pg_catalog.lo_open('435242', 131072);
SELECT pg_catalog.lowrite(0, '\x73646b6b7673');
SELECT pg_catalog.lo_close(0);

SELECT pg_catalog.lo_open('435243', 131072);
SELECT pg_catalog.lowrite(0, '\x73646b6b7673');
SELECT pg_catalog.lo_close(0);

SELECT pg_catalog.lo_open('435246', 131072);
SELECT pg_catalog.lowrite(0, '\xd0b4d0bbd184d0bed18bd0bed0b0d182d0bfd0bbd184d18bd0b0d182d0bfd0b4d0bbd184d18bd0b0');
SELECT pg_catalog.lo_close(0);

SELECT pg_catalog.lo_open('435247', 131072);
SELECT pg_catalog.lowrite(0, '\xd0b4d0bbd184d0bed18bd0bed0b0d182d0bfd0bbd184d18bd0b0d182d0bfd0b4d0bbd184d18bd0b0');
SELECT pg_catalog.lo_close(0);

SELECT pg_catalog.lo_open('435248', 131072);
SELECT pg_catalog.lowrite(0, '\xd0b4d0bbd184d0bed18bd0bed0b0d182d0bfd0bbd184d18bd0b0d182d0bfd0b4d0bbd184d18bd0b0');
SELECT pg_catalog.lo_close(0);

SELECT pg_catalog.lo_open('435249', 131072);
SELECT pg_catalog.lowrite(0, '\xd0b4d0bbd184d0bed18bd0bed0b0d182d0bfd0bbd184d18bd0b0d182d0bfd0b4d0bbd184d18bd0b0');
SELECT pg_catalog.lo_close(0);

SELECT pg_catalog.lo_open('442937', 131072);
SELECT pg_catalog.lowrite(0, '\x73646b6b7673');
SELECT pg_catalog.lo_close(0);

SELECT pg_catalog.lo_open('442938', 131072);
SELECT pg_catalog.lowrite(0, '\x73646b6b7673');
SELECT pg_catalog.lo_close(0);

SELECT pg_catalog.lo_open('451085', 131072);
SELECT pg_catalog.lowrite(0, '\x73646b6b7673');
SELECT pg_catalog.lo_close(0);

SELECT pg_catalog.lo_open('451086', 131072);
SELECT pg_catalog.lowrite(0, '\x73646b6b7673');
SELECT pg_catalog.lo_close(0);

SELECT pg_catalog.lo_open('451087', 131072);
SELECT pg_catalog.lowrite(0, '\xd0b4d0bbd184d0bed18bd0bed0b0d182d0bfd0bbd184d18bd0b0d182d0bfd0b4d0bbd184d18bd0b0');
SELECT pg_catalog.lo_close(0);

SELECT pg_catalog.lo_open('451088', 131072);
SELECT pg_catalog.lowrite(0, '\xd0b4d0bbd184d0bed18bd0bed0b0d182d0bfd0bbd184d18bd0b0d182d0bfd0b4d0bbd184d18bd0b0');
SELECT pg_catalog.lo_close(0);

SELECT pg_catalog.lo_open('459277', 131072);
SELECT pg_catalog.lowrite(0, '\xd0b4d0bbd184d0bed18bd0bed0b0d182d0bfd0bbd184d18bd0b0d182d0bfd0b4d0bbd184d18bd0b0');
SELECT pg_catalog.lo_close(0);

COMMIT;

--
-- Name: assignment_detail_criteria assignment_detail_criteria_pkey; Type: CONSTRAINT; Schema: public; Owner: ilyas
--

ALTER TABLE ONLY public.assignment_detail_criteria
    ADD CONSTRAINT assignment_detail_criteria_pkey PRIMARY KEY (id_ad_criteria);


--
-- Name: assignment assignment_pkey; Type: CONSTRAINT; Schema: public; Owner: ilyas
--

ALTER TABLE ONLY public.assignment
    ADD CONSTRAINT assignment_pkey PRIMARY KEY (id_assignment);


--
-- Name: assignment_result assignment_result_pkey; Type: CONSTRAINT; Schema: public; Owner: ilyas
--

ALTER TABLE ONLY public.assignment_result
    ADD CONSTRAINT assignment_result_pkey PRIMARY KEY (id_assignment_result);


--
-- Name: class class_pkey; Type: CONSTRAINT; Schema: public; Owner: ilyas
--

ALTER TABLE ONLY public.class
    ADD CONSTRAINT class_pkey PRIMARY KEY (id_class);


--
-- Name: class_process class_process_pkey; Type: CONSTRAINT; Schema: public; Owner: ilyas
--

ALTER TABLE ONLY public.class_process
    ADD CONSTRAINT class_process_pkey PRIMARY KEY (id_class_progress);


--
-- Name: class_statistics class_statistics_pkey; Type: CONSTRAINT; Schema: public; Owner: ilyas
--

ALTER TABLE ONLY public.class_statistics
    ADD CONSTRAINT class_statistics_pkey PRIMARY KEY (id_class_statistics);


--
-- Name: classroom classroom_pkey; Type: CONSTRAINT; Schema: public; Owner: ilyas
--

ALTER TABLE ONLY public.classroom
    ADD CONSTRAINT classroom_pkey PRIMARY KEY (id_classroom);


--
-- Name: criteria criteria_pkey; Type: CONSTRAINT; Schema: public; Owner: ilyas
--

ALTER TABLE ONLY public.criteria
    ADD CONSTRAINT criteria_pkey PRIMARY KEY (id_criteria);


--
-- Name: neural_analysis neural_analysis_pkey; Type: CONSTRAINT; Schema: public; Owner: ilyas
--

ALTER TABLE ONLY public.neural_analysis
    ADD CONSTRAINT neural_analysis_pkey PRIMARY KEY (id_neural_analysis);


--
-- Name: organization organization_pkey; Type: CONSTRAINT; Schema: public; Owner: ilyas
--

ALTER TABLE ONLY public.organization
    ADD CONSTRAINT organization_pkey PRIMARY KEY (id_organization);


--
-- Name: student_answer student_answer_pkey; Type: CONSTRAINT; Schema: public; Owner: ilyas
--

ALTER TABLE ONLY public.student_answer
    ADD CONSTRAINT student_answer_pkey PRIMARY KEY (id_student_answer);


--
-- Name: student_statistics student_statistics_pkey; Type: CONSTRAINT; Schema: public; Owner: ilyas
--

ALTER TABLE ONLY public.student_statistics
    ADD CONSTRAINT student_statistics_pkey PRIMARY KEY (id_student_statistics);


--
-- Name: testing testing_pkey; Type: CONSTRAINT; Schema: public; Owner: ilyas
--

ALTER TABLE ONLY public.testing
    ADD CONSTRAINT testing_pkey PRIMARY KEY (id_testing);


--
-- Name: testing_result testing_result_pkey; Type: CONSTRAINT; Schema: public; Owner: ilyas
--

ALTER TABLE ONLY public.testing_result
    ADD CONSTRAINT testing_result_pkey PRIMARY KEY (id_testing_result);


--
-- Name: user_student uk1h0akdyrcmxdncusut91ha45b; Type: CONSTRAINT; Schema: public; Owner: ilyas
--

ALTER TABLE ONLY public.user_student
    ADD CONSTRAINT uk1h0akdyrcmxdncusut91ha45b UNIQUE (id_user_auth);


--
-- Name: assignment ukb0xfhlsoo5rd5leq405x8imu3; Type: CONSTRAINT; Schema: public; Owner: ilyas
--

ALTER TABLE ONLY public.assignment
    ADD CONSTRAINT ukb0xfhlsoo5rd5leq405x8imu3 UNIQUE (assignment_result_id);


--
-- Name: user_student ukb9ohu28kb3apiinj7gs3p8cqp; Type: CONSTRAINT; Schema: public; Owner: ilyas
--

ALTER TABLE ONLY public.user_student
    ADD CONSTRAINT ukb9ohu28kb3apiinj7gs3p8cqp UNIQUE (organization);


--
-- Name: user_teacher ukk4dv7ml701af9egusyhscuqud; Type: CONSTRAINT; Schema: public; Owner: ilyas
--

ALTER TABLE ONLY public.user_teacher
    ADD CONSTRAINT ukk4dv7ml701af9egusyhscuqud UNIQUE (organization);


--
-- Name: user_auth ukmepomepr1snhj8rsvrab73euf; Type: CONSTRAINT; Schema: public; Owner: ilyas
--

ALTER TABLE ONLY public.user_auth
    ADD CONSTRAINT ukmepomepr1snhj8rsvrab73euf UNIQUE (unique_username);


--
-- Name: user_teacher ukpbhvx1pmgpjfaldho6qpn2htr; Type: CONSTRAINT; Schema: public; Owner: ilyas
--

ALTER TABLE ONLY public.user_teacher
    ADD CONSTRAINT ukpbhvx1pmgpjfaldho6qpn2htr UNIQUE (id_user_auth);


--
-- Name: assignment_result uks0ua4074i7j6nffjf2yi1tkgq; Type: CONSTRAINT; Schema: public; Owner: ilyas
--

ALTER TABLE ONLY public.assignment_result
    ADD CONSTRAINT uks0ua4074i7j6nffjf2yi1tkgq UNIQUE (assignment_id);


--
-- Name: user_auth user_auth_pkey; Type: CONSTRAINT; Schema: public; Owner: ilyas
--

ALTER TABLE ONLY public.user_auth
    ADD CONSTRAINT user_auth_pkey PRIMARY KEY (id_user_auth);


--
-- Name: user_student user_student_pkey; Type: CONSTRAINT; Schema: public; Owner: ilyas
--

ALTER TABLE ONLY public.user_student
    ADD CONSTRAINT user_student_pkey PRIMARY KEY (id_user);


--
-- Name: user_teacher user_teacher_pkey; Type: CONSTRAINT; Schema: public; Owner: ilyas
--

ALTER TABLE ONLY public.user_teacher
    ADD CONSTRAINT user_teacher_pkey PRIMARY KEY (id_user);


--
-- Name: testing fk11grtnuxdgigjr599ai7mu8mb; Type: FK CONSTRAINT; Schema: public; Owner: ilyas
--

ALTER TABLE ONLY public.testing
    ADD CONSTRAINT fk11grtnuxdgigjr599ai7mu8mb FOREIGN KEY (teacher_id) REFERENCES public.user_teacher(id_user);


--
-- Name: student_statistics fk15r82yakqpx060k0tpni9soxs; Type: FK CONSTRAINT; Schema: public; Owner: ilyas
--

ALTER TABLE ONLY public.student_statistics
    ADD CONSTRAINT fk15r82yakqpx060k0tpni9soxs FOREIGN KEY (student_id) REFERENCES public.user_student(id_user);


--
-- Name: class_process fk1xm49hx567v7ge63xfdf7kho3; Type: FK CONSTRAINT; Schema: public; Owner: ilyas
--

ALTER TABLE ONLY public.class_process
    ADD CONSTRAINT fk1xm49hx567v7ge63xfdf7kho3 FOREIGN KEY (teacher_id) REFERENCES public.user_teacher(id_user);


--
-- Name: classroom fk2bu1k6vdkh0g4s57p1h2wvk00; Type: FK CONSTRAINT; Schema: public; Owner: ilyas
--

ALTER TABLE ONLY public.classroom
    ADD CONSTRAINT fk2bu1k6vdkh0g4s57p1h2wvk00 FOREIGN KEY (id_user_teacher) REFERENCES public.user_teacher(id_user);


--
-- Name: user_teacher fk4bygwfydqnlmqsdo21rwtwd4p; Type: FK CONSTRAINT; Schema: public; Owner: ilyas
--

ALTER TABLE ONLY public.user_teacher
    ADD CONSTRAINT fk4bygwfydqnlmqsdo21rwtwd4p FOREIGN KEY (id_user_auth) REFERENCES public.user_auth(id_user_auth);


--
-- Name: class_statistics fk7hl0jaiacwrhu00b97msxup3g; Type: FK CONSTRAINT; Schema: public; Owner: ilyas
--

ALTER TABLE ONLY public.class_statistics
    ADD CONSTRAINT fk7hl0jaiacwrhu00b97msxup3g FOREIGN KEY (class_id) REFERENCES public.class(id_class);


--
-- Name: student_answer fk829h4m5accronsoy1ruo44u00; Type: FK CONSTRAINT; Schema: public; Owner: ilyas
--

ALTER TABLE ONLY public.student_answer
    ADD CONSTRAINT fk829h4m5accronsoy1ruo44u00 FOREIGN KEY (student_id) REFERENCES public.user_student(id_user);


--
-- Name: user_student fk8cipxwbv3f7d4yb2o555c2ag1; Type: FK CONSTRAINT; Schema: public; Owner: ilyas
--

ALTER TABLE ONLY public.user_student
    ADD CONSTRAINT fk8cipxwbv3f7d4yb2o555c2ag1 FOREIGN KEY (id_user_auth) REFERENCES public.user_auth(id_user_auth);


--
-- Name: user_student fkaajx8j3eltwd18brleg1vwjy6; Type: FK CONSTRAINT; Schema: public; Owner: ilyas
--

ALTER TABLE ONLY public.user_student
    ADD CONSTRAINT fkaajx8j3eltwd18brleg1vwjy6 FOREIGN KEY (class_entity_id_class) REFERENCES public.class(id_class);


--
-- Name: assignment fkan77cb8jo88ah8o0nydiqbc5u; Type: FK CONSTRAINT; Schema: public; Owner: ilyas
--

ALTER TABLE ONLY public.assignment
    ADD CONSTRAINT fkan77cb8jo88ah8o0nydiqbc5u FOREIGN KEY (assignment_result_id) REFERENCES public.assignment_result(id_assignment_result);


--
-- Name: assignment_result fkb571j7d0uwb2svdeuhuhjw9so; Type: FK CONSTRAINT; Schema: public; Owner: ilyas
--

ALTER TABLE ONLY public.assignment_result
    ADD CONSTRAINT fkb571j7d0uwb2svdeuhuhjw9so FOREIGN KEY (assignment_id) REFERENCES public.assignment(id_assignment);


--
-- Name: class fkd4e7wq4004lwd62w31dok3mok; Type: FK CONSTRAINT; Schema: public; Owner: ilyas
--

ALTER TABLE ONLY public.class
    ADD CONSTRAINT fkd4e7wq4004lwd62w31dok3mok FOREIGN KEY (teacher_id) REFERENCES public.user_teacher(id_user);


--
-- Name: testing fkepc8onxxnw0s3h1tvwbdp1ryb; Type: FK CONSTRAINT; Schema: public; Owner: ilyas
--

ALTER TABLE ONLY public.testing
    ADD CONSTRAINT fkepc8onxxnw0s3h1tvwbdp1ryb FOREIGN KEY (testing_id) REFERENCES public.class(id_class);


--
-- Name: criteria fkethm1f0gxmbgd3321rbyeiju4; Type: FK CONSTRAINT; Schema: public; Owner: ilyas
--

ALTER TABLE ONLY public.criteria
    ADD CONSTRAINT fkethm1f0gxmbgd3321rbyeiju4 FOREIGN KEY (assignment_id) REFERENCES public.assignment(id_assignment);


--
-- Name: student_answer fkf7mhme9s2lys8bqt5ppxireve; Type: FK CONSTRAINT; Schema: public; Owner: ilyas
--

ALTER TABLE ONLY public.student_answer
    ADD CONSTRAINT fkf7mhme9s2lys8bqt5ppxireve FOREIGN KEY (assignment_id) REFERENCES public.assignment(id_assignment);


--
-- Name: user_student fkgowi7snfpasvkry3mgc0docdv; Type: FK CONSTRAINT; Schema: public; Owner: ilyas
--

ALTER TABLE ONLY public.user_student
    ADD CONSTRAINT fkgowi7snfpasvkry3mgc0docdv FOREIGN KEY (organization) REFERENCES public.organization(id_organization);


--
-- Name: class_process fkhdtbuualgh2cq47t20fx0ynee; Type: FK CONSTRAINT; Schema: public; Owner: ilyas
--

ALTER TABLE ONLY public.class_process
    ADD CONSTRAINT fkhdtbuualgh2cq47t20fx0ynee FOREIGN KEY (class_id) REFERENCES public.class(id_class);


--
-- Name: assignment_result fkhe2huhaambtbinlgjcywaptjg; Type: FK CONSTRAINT; Schema: public; Owner: ilyas
--

ALTER TABLE ONLY public.assignment_result
    ADD CONSTRAINT fkhe2huhaambtbinlgjcywaptjg FOREIGN KEY (student_answer_id) REFERENCES public.student_answer(id_student_answer);


--
-- Name: user_student fkhywfcls768169y04q8cfcmrvl; Type: FK CONSTRAINT; Schema: public; Owner: ilyas
--

ALTER TABLE ONLY public.user_student
    ADD CONSTRAINT fkhywfcls768169y04q8cfcmrvl FOREIGN KEY (id_class_room) REFERENCES public.classroom(id_classroom);


--
-- Name: assignment fki1g8lexrh1bgtgi3gntg8pmgg; Type: FK CONSTRAINT; Schema: public; Owner: ilyas
--

ALTER TABLE ONLY public.assignment
    ADD CONSTRAINT fki1g8lexrh1bgtgi3gntg8pmgg FOREIGN KEY (testing_id) REFERENCES public.testing(id_testing);


--
-- Name: assignment_detail_criteria fkjnoy6we6bsmieqqk5boivu621; Type: FK CONSTRAINT; Schema: public; Owner: ilyas
--

ALTER TABLE ONLY public.assignment_detail_criteria
    ADD CONSTRAINT fkjnoy6we6bsmieqqk5boivu621 FOREIGN KEY (assignment_id) REFERENCES public.assignment(id_assignment);


--
-- Name: user_roles fklbdkom1drb84esi3dkqpm7lmg; Type: FK CONSTRAINT; Schema: public; Owner: ilyas
--

ALTER TABLE ONLY public.user_roles
    ADD CONSTRAINT fklbdkom1drb84esi3dkqpm7lmg FOREIGN KEY (user_id) REFERENCES public.user_auth(id_user_auth);


--
-- Name: testing_result fko855uyk3lumcuopbjg7xt05a9; Type: FK CONSTRAINT; Schema: public; Owner: ilyas
--

ALTER TABLE ONLY public.testing_result
    ADD CONSTRAINT fko855uyk3lumcuopbjg7xt05a9 FOREIGN KEY (student_id) REFERENCES public.user_student(id_user);


--
-- Name: class_process fkolq6u8napq5lt9pmf8w8tsvtc; Type: FK CONSTRAINT; Schema: public; Owner: ilyas
--

ALTER TABLE ONLY public.class_process
    ADD CONSTRAINT fkolq6u8napq5lt9pmf8w8tsvtc FOREIGN KEY (assignment_id) REFERENCES public.assignment(id_assignment);


--
-- Name: class_process fkovdu1jwi0rb5itpwwl3m4q60b; Type: FK CONSTRAINT; Schema: public; Owner: ilyas
--

ALTER TABLE ONLY public.class_process
    ADD CONSTRAINT fkovdu1jwi0rb5itpwwl3m4q60b FOREIGN KEY (student_id) REFERENCES public.user_student(id_user);


--
-- Name: testing fkpaqpkr3ytiwfa4f8x8lu93sgx; Type: FK CONSTRAINT; Schema: public; Owner: ilyas
--

ALTER TABLE ONLY public.testing
    ADD CONSTRAINT fkpaqpkr3ytiwfa4f8x8lu93sgx FOREIGN KEY (class_id) REFERENCES public.class(id_class);


--
-- Name: user_teacher fkqfqegroxo6a5bd8w7ffvgxh3c; Type: FK CONSTRAINT; Schema: public; Owner: ilyas
--

ALTER TABLE ONLY public.user_teacher
    ADD CONSTRAINT fkqfqegroxo6a5bd8w7ffvgxh3c FOREIGN KEY (organization) REFERENCES public.organization(id_organization);


--
-- Name: assignment_result fkqnaq02dxivu1bh69mm7aibs8b; Type: FK CONSTRAINT; Schema: public; Owner: ilyas
--

ALTER TABLE ONLY public.assignment_result
    ADD CONSTRAINT fkqnaq02dxivu1bh69mm7aibs8b FOREIGN KEY (criteria_id) REFERENCES public.criteria(id_criteria);


--
-- Name: assignment_result fkr92suat81mqw672qwn85juiw1; Type: FK CONSTRAINT; Schema: public; Owner: ilyas
--

ALTER TABLE ONLY public.assignment_result
    ADD CONSTRAINT fkr92suat81mqw672qwn85juiw1 FOREIGN KEY (testing_result_id) REFERENCES public.testing_result(id_testing_result);


--
-- Name: testing_result fkrd72qb2cfhwyngsag9h289dfy; Type: FK CONSTRAINT; Schema: public; Owner: ilyas
--

ALTER TABLE ONLY public.testing_result
    ADD CONSTRAINT fkrd72qb2cfhwyngsag9h289dfy FOREIGN KEY (teacher_id) REFERENCES public.user_teacher(id_user);


--
-- Name: neural_analysis fkrun8x6okj1vs7itqtapifbway; Type: FK CONSTRAINT; Schema: public; Owner: ilyas
--

ALTER TABLE ONLY public.neural_analysis
    ADD CONSTRAINT fkrun8x6okj1vs7itqtapifbway FOREIGN KEY (student_answer_id) REFERENCES public.student_answer(id_student_answer);


--
-- Name: assignment_detail_criteria fkslvmpx4ssie24a2txlxucc2re; Type: FK CONSTRAINT; Schema: public; Owner: ilyas
--

ALTER TABLE ONLY public.assignment_detail_criteria
    ADD CONSTRAINT fkslvmpx4ssie24a2txlxucc2re FOREIGN KEY (teacher_id) REFERENCES public.user_teacher(id_user);


--
-- Name: student_statistics fktieaqfwd5nspuxyp7sxroeyu5; Type: FK CONSTRAINT; Schema: public; Owner: ilyas
--

ALTER TABLE ONLY public.student_statistics
    ADD CONSTRAINT fktieaqfwd5nspuxyp7sxroeyu5 FOREIGN KEY (total_class_id) REFERENCES public.class(id_class);


--
-- PostgreSQL database dump complete
--

